id,nombre
123456789,Juan Pérez García
987654321,Ana Martínez López
234567890,Carlos González Fernández
678901234,Maria Rodríguez Sánchez
345678901,Pedro Sánchez Romero
456789012,Luis Fernández Gómez
567890123,Elena Gómez Hernández
890123456,Marta Ruiz Jiménez
901234567,Daniel Moreno Vázquez
210987654,Lucía Jiménez Castro
320987654,Raúl Díaz Ortiz
430987654,Paula Vázquez López
540987654,Jorge Ortiz Navarro
650987654,Sofía López Herrera
760987654,Antonio Castro Rivera
870987654,Clara Romero Rivas
980987654,Andrés Navarro Vega
109876543,Isabel Herrera Pérez
219876543,Roberto Rivas Gómez
329876543,Victoria Vega Romero
439876543,José Ramírez Torres
549876543,Adriana Castillo Medina
659876543,Francisco Flores Muñoz
769876543,Lorena Domínguez Guerrero
879876543,Miguel Aguirre Morales
989876543,Natalia Molina Bravo
109987654,Enrique Estrada Soto
119987654,Fernanda Ponce Rojas
129987654,Ricardo Bautista Carrillo
139987654,Silvia Núñez Maldonado
149987654,Diego Ventura Ramos
159987654,Claudia Reyes Vásquez
169987654,Alberto Salinas Ortega
179987654,Laura Córdova Valenzuela
189987654,Sergio Vargas Durán
199987654,Patricia Gutiérrez Meza
209987654,Tomás Espinosa Guzmán
219987654,Vanessa Santos Sandoval
229987654,Guillermo Téllez Paz
239987654,Monica Cuevas Pineda
249987654,Felipe Contreras Galindo
259987654,Rocío Salgado Camacho
269987654,Armando Orozco León
279987654,Carmen Hernández Lara
289987654,Héctor Prado Arroyo
299987654,Jessica Villegas Castro
309987654,Raquel Gallardo Benítez
319987654,Marcelo Luna Vargas
329987654,Lucía Olvera Ochoa
